Header,Data
2024/01 ,"Região|UF|Município	UF	Ano/Semana	Casos prováveis de Dengue.
Centro-Oeste	Distrito Federal	2024/01	8,236
Centro-Oeste	Goias	2024/01	3,525
Centro-Oeste	Mato Grosso	2024/01	554
Centro-Oeste	Mato Grosso Do Sul	2024/01	200
Nordeste	Alagoas	2024/01	65
Nordeste	Bahia	2024/01	657
Nordeste	Ceara	2024/01	66
Nordeste	Maranhao	2024/01	63
Nordeste	Paraiba	2024/01	54
Nordeste	Pernambuco	2024/01	78
Nordeste	Piaui	2024/01	88
Nordeste	Rio Grande Do Norte	2024/01	118
Nordeste	Sergipe	2024/01	19
Norte	Acre	2024/01	662
Norte	Amapa	2024/01	140
Norte	Amazonas	2024/01	510
Norte	Para	2024/01	187
Norte	Rondonia	2024/01	89
Norte	Roraima	2024/01	3
Norte	Tocantins	2024/01	33
Sudeste	Espirito Santo	2024/01	1,146
Sudeste	Minas Gerais	2024/01	16,976
Sudeste	Rio De Janeiro	2024/01	4,233
Sudeste	Sao Paulo	2024/01	7,209
Sul	Parana	2024/01	5,446
Sul	Rio Grande Do Sul	2024/01	349
Sul	Santa Catarina	2024/01	531"
2024/02 ,"Região|UF|Município	UF	Ano/Semana	Casos prováveis de Dengue.
Centro-Oeste	Distrito Federal	2024/02	8,508
Centro-Oeste	Goias	2024/02	3,897
Centro-Oeste	Mato Grosso	2024/02	614
Centro-Oeste	Mato Grosso Do Sul	2024/02	268
Nordeste	Alagoas	2024/02	59
Nordeste	Bahia	2024/02	783
Nordeste	Ceara	2024/02	74
Nordeste	Maranhao	2024/02	87
Nordeste	Paraiba	2024/02	92
Nordeste	Pernambuco	2024/02	58
Nordeste	Piaui	2024/02	137
Nordeste	Rio Grande Do Norte	2024/02	120
Nordeste	Sergipe	2024/02	26
Norte	Acre	2024/02	497
Norte	Amapa	2024/02	209
Norte	Amazonas	2024/02	469
Norte	Para	2024/02	242
Norte	Rondonia	2024/02	96
Norte	Roraima	2024/02	6
Norte	Tocantins	2024/02	49
Sudeste	Espirito Santo	2024/02	1,415
Sudeste	Minas Gerais	2024/02	21,907
Sudeste	Rio De Janeiro	2024/02	4,801
Sudeste	Sao Paulo	2024/02	9,072
Sul	Parana	2024/02	7,037
Sul	Rio Grande Do Sul	2024/02	467
Sul	Santa Catarina	2024/02	710"
2024/03 ,"Região|UF|Município	UF	Ano/Semana	Casos prováveis de Dengue.
Centro-Oeste	Distrito Federal	2024/03	12,779
Centro-Oeste	Goias	2024/03	5,141
Centro-Oeste	Mato Grosso	2024/03	873
Centro-Oeste	Mato Grosso Do Sul	2024/03	389
Nordeste	Alagoas	2024/03	60
Nordeste	Bahia	2024/03	1,015
Nordeste	Ceara	2024/03	102
Nordeste	Maranhao	2024/03	88
Nordeste	Paraiba	2024/03	98
Nordeste	Pernambuco	2024/03	83
Nordeste	Piaui	2024/03	109
Nordeste	Rio Grande Do Norte	2024/03	143
Nordeste	Sergipe	2024/03	17
Norte	Acre	2024/03	463
Norte	Amapa	2024/03	217
Norte	Amazonas	2024/03	606
Norte	Para	2024/03	325
Norte	Rondonia	2024/03	157
Norte	Roraima	2024/03	5
Norte	Tocantins	2024/03	55
Sudeste	Espirito Santo	2024/03	2,007
Sudeste	Minas Gerais	2024/03	33,516
Sudeste	Rio De Janeiro	2024/03	6,985
Sudeste	Sao Paulo	2024/03	13,375
Sul	Parana	2024/03	9,657
Sul	Rio Grande Do Sul	2024/03	790
Sul	Santa Catarina	2024/03	1,119"
2024/04 ,"Região|UF|Município	UF	Ano/Semana	Casos prováveis de Dengue.
Centro-Oeste	Distrito Federal	2024/04	18,881
Centro-Oeste	Goias	2024/04	7,910
Centro-Oeste	Mato Grosso	2024/04	1,028
Centro-Oeste	Mato Grosso Do Sul	2024/04	475
Nordeste	Alagoas	2024/04	68
Nordeste	Bahia	2024/04	1,468
Nordeste	Ceara	2024/04	142
Nordeste	Maranhao	2024/04	82
Nordeste	Paraiba	2024/04	91
Nordeste	Pernambuco	2024/04	113
Nordeste	Piaui	2024/04	123
Nordeste	Rio Grande Do Norte	2024/04	131
Nordeste	Sergipe	2024/04	16
Norte	Acre	2024/04	356
Norte	Amapa	2024/04	196
Norte	Amazonas	2024/04	379
Norte	Para	2024/04	394
Norte	Rondonia	2024/04	168
Norte	Roraima	2024/04	15
Norte	Tocantins	2024/04	57
Sudeste	Espirito Santo	2024/04	2,466
Sudeste	Minas Gerais	2024/04	50,537
Sudeste	Rio De Janeiro	2024/04	9,006
Sudeste	Sao Paulo	2024/04	19,151
Sul	Parana	2024/04	11,742
Sul	Rio Grande Do Sul	2024/04	1,251
Sul	Santa Catarina	2024/04	1,460"
2024/05 ,"Região|UF|Município	UF	Ano/Semana	Casos prováveis de Dengue.
Centro-Oeste	Distrito Federal	2024/05	22,146
Centro-Oeste	Goias	2024/05	11,660
Centro-Oeste	Mato Grosso	2024/05	1,294
Centro-Oeste	Mato Grosso Do Sul	2024/05	453
Nordeste	Alagoas	2024/05	117
Nordeste	Bahia	2024/05	2,688
Nordeste	Ceara	2024/05	178
Nordeste	Maranhao	2024/05	130
Nordeste	Paraiba	2024/05	144
Nordeste	Pernambuco	2024/05	166
Nordeste	Piaui	2024/05	213
Nordeste	Rio Grande Do Norte	2024/05	155
Nordeste	Sergipe	2024/05	28
Norte	Acre	2024/05	257
Norte	Amapa	2024/05	335
Norte	Amazonas	2024/05	402
Norte	Para	2024/05	614
Norte	Rondonia	2024/05	184
Norte	Roraima	2024/05	7
Norte	Tocantins	2024/05	100
Sudeste	Espirito Santo	2024/05	3,459
Sudeste	Minas Gerais	2024/05	69,621
Sudeste	Rio De Janeiro	2024/05	11,867
Sudeste	Sao Paulo	2024/05	23,092
Sul	Parana	2024/05	12,086
Sul	Rio Grande Do Sul	2024/05	1,687
Sul	Santa Catarina	2024/05	2,191"
2024/06 ,"Região|UF|Município	UF	Ano/Semana	Casos prováveis de Dengue.
Centro-Oeste	Distrito Federal	2024/06	21,668
Centro-Oeste	Goias	2024/06	13,185
Centro-Oeste	Mato Grosso	2024/06	1,501
Centro-Oeste	Mato Grosso Do Sul	2024/06	563
Nordeste	Alagoas	2024/06	143
Nordeste	Bahia	2024/06	3,901
Nordeste	Ceara	2024/06	176
Nordeste	Maranhao	2024/06	222
Nordeste	Paraiba	2024/06	156
Nordeste	Pernambuco	2024/06	237
Nordeste	Piaui	2024/06	345
Nordeste	Rio Grande Do Norte	2024/06	213
Nordeste	Sergipe	2024/06	24
Norte	Acre	2024/06	187
Norte	Amapa	2024/06	370
Norte	Amazonas	2024/06	481
Norte	Para	2024/06	689
Norte	Rondonia	2024/06	229
Norte	Roraima	2024/06	6
Norte	Tocantins	2024/06	107
Sudeste	Espirito Santo	2024/06	4,304
Sudeste	Minas Gerais	2024/06	83,750
Sudeste	Rio De Janeiro	2024/06	16,715
Sudeste	Sao Paulo	2024/06	31,286
Sul	Parana	2024/06	15,128
Sul	Rio Grande Do Sul	2024/06	2,695
Sul	Santa Catarina	2024/06	3,881"
2024/07 ,"Região|UF|Município	UF	Ano/Semana	Casos prováveis de Dengue.
Centro-Oeste	Distrito Federal	2024/07	21,456
Centro-Oeste	Goias	2024/07	14,999
Centro-Oeste	Mato Grosso	2024/07	1,645
Centro-Oeste	Mato Grosso Do Sul	2024/07	815
Nordeste	Alagoas	2024/07	252
Nordeste	Bahia	2024/07	5,674
Nordeste	Ceara	2024/07	203
Nordeste	Maranhao	2024/07	408
Nordeste	Paraiba	2024/07	303
Nordeste	Pernambuco	2024/07	426
Nordeste	Piaui	2024/07	461
Nordeste	Rio Grande Do Norte	2024/07	391
Nordeste	Sergipe	2024/07	51
Norte	Acre	2024/07	139
Norte	Amapa	2024/07	499
Norte	Amazonas	2024/07	463
Norte	Para	2024/07	1,060
Norte	Rondonia	2024/07	284
Norte	Roraima	2024/07	22
Norte	Tocantins	2024/07	113
Sudeste	Espirito Santo	2024/07	6,142
Sudeste	Minas Gerais	2024/07	96,857
Sudeste	Rio De Janeiro	2024/07	22,740
Sudeste	Sao Paulo	2024/07	43,752
Sul	Parana	2024/07	20,352
Sul	Rio Grande Do Sul	2024/07	4,468
Sul	Santa Catarina	2024/07	6,510"
2024/08 ,"Região|UF|Município	UF	Ano/Semana	Casos prováveis de Dengue.
Centro-Oeste	Distrito Federal	2024/08	23,138
Centro-Oeste	Goias	2024/08	17,265
Centro-Oeste	Mato Grosso	2024/08	1,905
Centro-Oeste	Mato Grosso Do Sul	2024/08	817
Nordeste	Alagoas	2024/08	504
Nordeste	Bahia	2024/08	10,311
Nordeste	Ceara	2024/08	283
Nordeste	Maranhao	2024/08	621
Nordeste	Paraiba	2024/08	630
Nordeste	Pernambuco	2024/08	756
Nordeste	Piaui	2024/08	700
Nordeste	Rio Grande Do Norte	2024/08	748
Nordeste	Sergipe	2024/08	96
Norte	Acre	2024/08	142
Norte	Amapa	2024/08	569
Norte	Amazonas	2024/08	444
Norte	Para	2024/08	1,136
Norte	Rondonia	2024/08	543
Norte	Roraima	2024/08	16
Norte	Tocantins	2024/08	145
Sudeste	Espirito Santo	2024/08	8,514
Sudeste	Minas Gerais	2024/08	120,113
Sudeste	Rio De Janeiro	2024/08	27,111
Sudeste	Sao Paulo	2024/08	55,108
Sul	Parana	2024/08	24,527
Sul	Rio Grande Do Sul	2024/08	5,805
Sul	Santa Catarina	2024/08	9,668"
2024/09 ,"Região|UF|Município	UF	Ano/Semana	Casos prováveis de Dengue.
Centro-Oeste	Distrito Federal	2024/09	21,759
Centro-Oeste	Goias	2024/09	17,799
Centro-Oeste	Mato Grosso	2024/09	1,796
Centro-Oeste	Mato Grosso Do Sul	2024/09	864
Nordeste	Alagoas	2024/09	559
Nordeste	Bahia	2024/09	13,993
Nordeste	Ceara	2024/09	408
Nordeste	Maranhao	2024/09	760
Nordeste	Paraiba	2024/09	866
Nordeste	Pernambuco	2024/09	998
Nordeste	Piaui	2024/09	679
Nordeste	Rio Grande Do Norte	2024/09	924
Nordeste	Sergipe	2024/09	97
Norte	Acre	2024/09	123
Norte	Amapa	2024/09	655
Norte	Amazonas	2024/09	418
Norte	Para	2024/09	1,218
Norte	Rondonia	2024/09	544
Norte	Roraima	2024/09	7
Norte	Tocantins	2024/09	210
Sudeste	Espirito Santo	2024/09	10,626
Sudeste	Minas Gerais	2024/09	126,452
Sudeste	Rio De Janeiro	2024/09	26,623
Sudeste	Sao Paulo	2024/09	69,502
Sul	Parana	2024/09	26,571
Sul	Rio Grande Do Sul	2024/09	7,253
Sul	Santa Catarina	2024/09	12,553"
2024/10 ,"Região|UF|Município	UF	Ano/Semana	Casos prováveis de Dengue.
Centro-Oeste	Distrito Federal	2024/10	19,030
Centro-Oeste	Goias	2024/10	17,398
Centro-Oeste	Mato Grosso	2024/10	1,552
Centro-Oeste	Mato Grosso Do Sul	2024/10	1,018
Nordeste	Alagoas	2024/10	511
Nordeste	Bahia	2024/10	15,548
Nordeste	Ceara	2024/10	448
Nordeste	Maranhao	2024/10	825
Nordeste	Paraiba	2024/10	997
Nordeste	Pernambuco	2024/10	1,160
Nordeste	Piaui	2024/10	819
Nordeste	Rio Grande Do Norte	2024/10	1,176
Nordeste	Sergipe	2024/10	78
Norte	Acre	2024/10	121
Norte	Amapa	2024/10	566
Norte	Amazonas	2024/10	377
Norte	Para	2024/10	1,146
Norte	Rondonia	2024/10	594
Norte	Roraima	2024/10	15
Norte	Tocantins	2024/10	227
Sudeste	Espirito Santo	2024/10	11,199
Sudeste	Minas Gerais	2024/10	127,096
Sudeste	Rio De Janeiro	2024/10	24,347
Sudeste	Sao Paulo	2024/10	82,796
Sul	Parana	2024/10	32,690
Sul	Rio Grande Do Sul	2024/10	10,077
Sul	Santa Catarina	2024/10	14,780"
2024/11 ,"Região|UF|Município	UF	Ano/Semana	Casos prováveis de Dengue.
Centro-Oeste	Distrito Federal	2024/11	17,147
Centro-Oeste	Goias	2024/11	18,423
Centro-Oeste	Mato Grosso	2024/11	1,670
Centro-Oeste	Mato Grosso Do Sul	2024/11	1,186
Nordeste	Alagoas	2024/11	528
Nordeste	Bahia	2024/11	17,456
Nordeste	Ceara	2024/11	435
Nordeste	Maranhao	2024/11	959
Nordeste	Paraiba	2024/11	958
Nordeste	Pernambuco	2024/11	1,192
Nordeste	Piaui	2024/11	873
Nordeste	Rio Grande Do Norte	2024/11	1,276
Nordeste	Sergipe	2024/11	87
Norte	Acre	2024/11	116
Norte	Amapa	2024/11	361
Norte	Amazonas	2024/11	335
Norte	Para	2024/11	1,167
Norte	Rondonia	2024/11	461
Norte	Roraima	2024/11	18
Norte	Tocantins	2024/11	235
Sudeste	Espirito Santo	2024/11	11,689
Sudeste	Minas Gerais	2024/11	128,459
Sudeste	Rio De Janeiro	2024/11	22,399
Sudeste	Sao Paulo	2024/11	98,688
Sul	Parana	2024/11	38,094
Sul	Rio Grande Do Sul	2024/11	12,057
Sul	Santa Catarina	2024/11	17,868"
2024/12 ,"Região|UF|Município	UF	Ano/Semana	Casos prováveis de Dengue.
Centro-Oeste	Distrito Federal	2024/12	15,300
Centro-Oeste	Goias	2024/12	17,807
Centro-Oeste	Mato Grosso	2024/12	1,632
Centro-Oeste	Mato Grosso Do Sul	2024/12	1,183
Nordeste	Alagoas	2024/12	554
Nordeste	Bahia	2024/12	18,624
Nordeste	Ceara	2024/12	459
Nordeste	Maranhao	2024/12	1,097
Nordeste	Paraiba	2024/12	1,009
Nordeste	Pernambuco	2024/12	1,201
Nordeste	Piaui	2024/12	788
Nordeste	Rio Grande Do Norte	2024/12	1,141
Nordeste	Sergipe	2024/12	66
Norte	Acre	2024/12	74
Norte	Amapa	2024/12	340
Norte	Amazonas	2024/12	235
Norte	Para	2024/12	1,124
Norte	Rondonia	2024/12	355
Norte	Roraima	2024/12	9
Norte	Tocantins	2024/12	266
Sudeste	Espirito Santo	2024/12	10,721
Sudeste	Minas Gerais	2024/12	131,934
Sudeste	Rio De Janeiro	2024/12	18,360
Sudeste	Sao Paulo	2024/12	129,724
Sul	Parana	2024/12	43,676
Sul	Rio Grande Do Sul	2024/12	14,373
Sul	Santa Catarina	2024/12	24,662"
2024/13 ,"Região|UF|Município	UF	Ano/Semana	Casos prováveis de Dengue.
Centro-Oeste	Distrito Federal	2024/13	10,205
Centro-Oeste	Goias	2024/13	14,490
Centro-Oeste	Mato Grosso	2024/13	1,329
Centro-Oeste	Mato Grosso Do Sul	2024/13	1,007
Nordeste	Alagoas	2024/13	438
Nordeste	Bahia	2024/13	16,981
Nordeste	Ceara	2024/13	474
Nordeste	Maranhao	2024/13	769
Nordeste	Paraiba	2024/13	686
Nordeste	Pernambuco	2024/13	905
Nordeste	Piaui	2024/13	635
Nordeste	Rio Grande Do Norte	2024/13	877
Nordeste	Sergipe	2024/13	69
Norte	Acre	2024/13	92
Norte	Amapa	2024/13	365
Norte	Amazonas	2024/13	150
Norte	Para	2024/13	952
Norte	Rondonia	2024/13	159
Norte	Roraima	2024/13	6
Norte	Tocantins	2024/13	230
Sudeste	Espirito Santo	2024/13	8,309
Sudeste	Minas Gerais	2024/13	100,194
Sudeste	Rio De Janeiro	2024/13	12,570
Sudeste	Sao Paulo	2024/13	122,568
Sul	Parana	2024/13	42,304
Sul	Rio Grande Do Sul	2024/13	15,565
Sul	Santa Catarina	2024/13	25,745"
2024/14 ,"Região|UF|Município	UF	Ano/Semana	Casos prováveis de Dengue.
Centro-Oeste	Distrito Federal	2024/14	10,450
Centro-Oeste	Goias	2024/14	17,710
Centro-Oeste	Mato Grosso	2024/14	1,861
Centro-Oeste	Mato Grosso Do Sul	2024/14	1,073
Nordeste	Alagoas	2024/14	478
Nordeste	Bahia	2024/14	19,552
Nordeste	Ceara	2024/14	753
Nordeste	Maranhao	2024/14	864
Nordeste	Paraiba	2024/14	819
Nordeste	Pernambuco	2024/14	1,215
Nordeste	Piaui	2024/14	823
Nordeste	Rio Grande Do Norte	2024/14	994
Nordeste	Sergipe	2024/14	103
Norte	Acre	2024/14	78
Norte	Amapa	2024/14	410
Norte	Amazonas	2024/14	215
Norte	Para	2024/14	1,071
Norte	Rondonia	2024/14	205
Norte	Roraima	2024/14	12
Norte	Tocantins	2024/14	242
Sudeste	Espirito Santo	2024/14	8,590
Sudeste	Minas Gerais	2024/14	103,240
Sudeste	Rio De Janeiro	2024/14	14,756
Sudeste	Sao Paulo	2024/14	138,385
Sul	Parana	2024/14	46,132
Sul	Rio Grande Do Sul	2024/14	18,731
Sul	Santa Catarina	2024/14	28,261"
2024/15 ,"Região|UF|Município	UF	Ano/Semana	Casos prováveis de Dengue.
Centro-Oeste	Distrito Federal	2024/15	9,488
Centro-Oeste	Goias	2024/15	18,163
Centro-Oeste	Mato Grosso	2024/15	1,828
Centro-Oeste	Mato Grosso Do Sul	2024/15	1,158
Nordeste	Alagoas	2024/15	554
Nordeste	Bahia	2024/15	17,727
Nordeste	Ceara	2024/15	846
Nordeste	Maranhao	2024/15	800
Nordeste	Paraiba	2024/15	715
Nordeste	Pernambuco	2024/15	1,071
Nordeste	Piaui	2024/15	748
Nordeste	Rio Grande Do Norte	2024/15	889
Nordeste	Sergipe	2024/15	73
Norte	Acre	2024/15	83
Norte	Amapa	2024/15	321
Norte	Amazonas	2024/15	166
Norte	Para	2024/15	878
Norte	Rondonia	2024/15	136
Norte	Roraima	2024/15	6
Norte	Tocantins	2024/15	300
Sudeste	Espirito Santo	2024/15	7,228
Sudeste	Minas Gerais	2024/15	94,576
Sudeste	Rio De Janeiro	2024/15	12,445
Sudeste	Sao Paulo	2024/15	153,965
Sul	Parana	2024/15	45,080
Sul	Rio Grande Do Sul	2024/15	21,107
Sul	Santa Catarina	2024/15	30,327"
2024/16 ,"Região|UF|Município	UF	Ano/Semana	Casos prováveis de Dengue.
Centro-Oeste	Distrito Federal	2024/16	7,332
Centro-Oeste	Goias	2024/16	18,202
Centro-Oeste	Mato Grosso	2024/16	2,059
Centro-Oeste	Mato Grosso Do Sul	2024/16	948
Nordeste	Alagoas	2024/16	529
Nordeste	Bahia	2024/16	15,741
Nordeste	Ceara	2024/16	779
Nordeste	Maranhao	2024/16	689
Nordeste	Paraiba	2024/16	648
Nordeste	Pernambuco	2024/16	1,162
Nordeste	Piaui	2024/16	745
Nordeste	Rio Grande Do Norte	2024/16	781
Nordeste	Sergipe	2024/16	61
Norte	Acre	2024/16	99
Norte	Amapa	2024/16	305
Norte	Amazonas	2024/16	149
Norte	Para	2024/16	854
Norte	Rondonia	2024/16	154
Norte	Roraima	2024/16	14
Norte	Tocantins	2024/16	314
Sudeste	Espirito Santo	2024/16	6,557
Sudeste	Minas Gerais	2024/16	74,349
Sudeste	Rio De Janeiro	2024/16	10,068
Sudeste	Sao Paulo	2024/16	146,836
Sul	Parana	2024/16	44,348
Sul	Rio Grande Do Sul	2024/16	21,471
Sul	Santa Catarina	2024/16	29,669"
2024/17 ,"Região|UF|Município	UF	Ano/Semana	Casos prováveis de Dengue.
Centro-Oeste	Distrito Federal	2024/17	5,512
Centro-Oeste	Goias	2024/17	16,493
Centro-Oeste	Mato Grosso	2024/17	2,036
Centro-Oeste	Mato Grosso Do Sul	2024/17	925
Nordeste	Alagoas	2024/17	508
Nordeste	Bahia	2024/17	12,401
Nordeste	Ceara	2024/17	643
Nordeste	Maranhao	2024/17	469
Nordeste	Paraiba	2024/17	448
Nordeste	Pernambuco	2024/17	917
Nordeste	Piaui	2024/17	684
Nordeste	Rio Grande Do Norte	2024/17	627
Nordeste	Sergipe	2024/17	69
Norte	Acre	2024/17	72
Norte	Amapa	2024/17	210
Norte	Amazonas	2024/17	104
Norte	Para	2024/17	675
Norte	Rondonia	2024/17	128
Norte	Roraima	2024/17	10
Norte	Tocantins	2024/17	248
Sudeste	Espirito Santo	2024/17	5,359
Sudeste	Minas Gerais	2024/17	58,883
Sudeste	Rio De Janeiro	2024/17	8,106
Sudeste	Sao Paulo	2024/17	140,091
Sul	Parana	2024/17	34,807
Sul	Rio Grande Do Sul	2024/17	18,836
Sul	Santa Catarina	2024/17	25,491"
2024/18 ,"Região|UF|Município	UF	Ano/Semana	Casos prováveis de Dengue.
Centro-Oeste	Distrito Federal	2024/18	4,332
Centro-Oeste	Goias	2024/18	15,878
Centro-Oeste	Mato Grosso	2024/18	2,356
Centro-Oeste	Mato Grosso Do Sul	2024/18	965
Nordeste	Alagoas	2024/18	530
Nordeste	Bahia	2024/18	10,914
Nordeste	Ceara	2024/18	652
Nordeste	Maranhao	2024/18	404
Nordeste	Paraiba	2024/18	369
Nordeste	Pernambuco	2024/18	849
Nordeste	Piaui	2024/18	552
Nordeste	Rio Grande Do Norte	2024/18	496
Nordeste	Sergipe	2024/18	50
Norte	Acre	2024/18	63
Norte	Amapa	2024/18	201
Norte	Amazonas	2024/18	98
Norte	Para	2024/18	553
Norte	Rondonia	2024/18	77
Norte	Roraima	2024/18	9
Norte	Tocantins	2024/18	217
Sudeste	Espirito Santo	2024/18	4,566
Sudeste	Minas Gerais	2024/18	53,804
Sudeste	Rio De Janeiro	2024/18	7,894
Sudeste	Sao Paulo	2024/18	144,928
Sul	Parana	2024/18	37,183
Sul	Rio Grande Do Sul	2024/18	15,839
Sul	Santa Catarina	2024/18	22,016"
2024/19 ,"Região|UF|Município	UF	Ano/Semana	Casos prováveis de Dengue.
Centro-Oeste	Distrito Federal	2024/19	3,580
Centro-Oeste	Goias	2024/19	14,184
Centro-Oeste	Mato Grosso	2024/19	2,310
Centro-Oeste	Mato Grosso Do Sul	2024/19	1,034
Nordeste	Alagoas	2024/19	527
Nordeste	Bahia	2024/19	9,668
Nordeste	Ceara	2024/19	511
Nordeste	Maranhao	2024/19	341
Nordeste	Paraiba	2024/19	384
Nordeste	Pernambuco	2024/19	908
Nordeste	Piaui	2024/19	598
Nordeste	Rio Grande Do Norte	2024/19	488
Nordeste	Sergipe	2024/19	49
Norte	Acre	2024/19	51
Norte	Amapa	2024/19	177
Norte	Amazonas	2024/19	90
Norte	Para	2024/19	531
Norte	Rondonia	2024/19	69
Norte	Roraima	2024/19	11
Norte	Tocantins	2024/19	184
Sudeste	Espirito Santo	2024/19	4,656
Sudeste	Minas Gerais	2024/19	44,782
Sudeste	Rio De Janeiro	2024/19	7,205
Sudeste	Sao Paulo	2024/19	156,189
Sul	Parana	2024/19	39,541
Sul	Rio Grande Do Sul	2024/19	14,207
Sul	Santa Catarina	2024/19	23,183"
2024/20 ,"Região|UF|Município	UF	Ano/Semana	Casos prováveis de Dengue.
Centro-Oeste	Distrito Federal	2024/20	3,126
Centro-Oeste	Goias	2024/20	11,538
Centro-Oeste	Mato Grosso	2024/20	1,842
Centro-Oeste	Mato Grosso Do Sul	2024/20	872
Nordeste	Alagoas	2024/20	596
Nordeste	Bahia	2024/20	7,493
Nordeste	Ceara	2024/20	447
Nordeste	Maranhao	2024/20	245
Nordeste	Paraiba	2024/20	360
Nordeste	Pernambuco	2024/20	878
Nordeste	Piaui	2024/20	667
Nordeste	Rio Grande Do Norte	2024/20	393
Nordeste	Sergipe	2024/20	47
Norte	Acre	2024/20	30
Norte	Amapa	2024/20	190
Norte	Amazonas	2024/20	73
Norte	Para	2024/20	436
Norte	Rondonia	2024/20	55
Norte	Roraima	2024/20	22
Norte	Tocantins	2024/20	189
Sudeste	Espirito Santo	2024/20	4,067
Sudeste	Minas Gerais	2024/20	34,436
Sudeste	Rio De Janeiro	2024/20	5,819
Sudeste	Sao Paulo	2024/20	145,813
Sul	Parana	2024/20	33,211
Sul	Rio Grande Do Sul	2024/20	14,441
Sul	Santa Catarina	2024/20	20,189"
2024/21 ,"Região|UF|Município	UF	Ano/Semana	Casos prováveis de Dengue.
Centro-Oeste	Distrito Federal	2024/21	2,758
Centro-Oeste	Goias	2024/21	9,012
Centro-Oeste	Mato Grosso	2024/21	1,441
Centro-Oeste	Mato Grosso Do Sul	2024/21	499
Nordeste	Alagoas	2024/21	545
Nordeste	Bahia	2024/21	5,750
Nordeste	Ceara	2024/21	402
Nordeste	Maranhao	2024/21	222
Nordeste	Paraiba	2024/21	300
Nordeste	Pernambuco	2024/21	859
Nordeste	Piaui	2024/21	620
Nordeste	Rio Grande Do Norte	2024/21	336
Nordeste	Sergipe	2024/21	45
Norte	Acre	2024/21	34
Norte	Amapa	2024/21	158
Norte	Amazonas	2024/21	79
Norte	Para	2024/21	352
Norte	Rondonia	2024/21	31
Norte	Roraima	2024/21	35
Norte	Tocantins	2024/21	147
Sudeste	Espirito Santo	2024/21	3,238
Sudeste	Minas Gerais	2024/21	25,954
Sudeste	Rio De Janeiro	2024/21	4,962
Sudeste	Sao Paulo	2024/21	108,654
Sul	Parana	2024/21	21,148
Sul	Rio Grande Do Sul	2024/21	4,222
Sul	Santa Catarina	2024/21	9,981"
2024/22 ,"Região|UF|Município	UF	Ano/Semana	Casos prováveis de Dengue.
Centro-Oeste	Distrito Federal	2024/22	1,955
Centro-Oeste	Goias	2024/22	6,211
Centro-Oeste	Mato Grosso	2024/22	822
Centro-Oeste	Mato Grosso Do Sul	2024/22	276
Nordeste	Alagoas	2024/22	557
Nordeste	Bahia	2024/22	3,825
Nordeste	Ceara	2024/22	342
Nordeste	Maranhao	2024/22	143
Nordeste	Paraiba	2024/22	224
Nordeste	Pernambuco	2024/22	826
Nordeste	Piaui	2024/22	496
Nordeste	Rio Grande Do Norte	2024/22	257
Nordeste	Sergipe	2024/22	52
Norte	Acre	2024/22	38
Norte	Amapa	2024/22	165
Norte	Amazonas	2024/22	59
Norte	Para	2024/22	271
Norte	Rondonia	2024/22	27
Norte	Roraima	2024/22	33
Norte	Tocantins	2024/22	119
Sudeste	Espirito Santo	2024/22	2,179
Sudeste	Minas Gerais	2024/22	15,144
Sudeste	Rio De Janeiro	2024/22	2,918
Sudeste	Sao Paulo	2024/22	68,753
Sul	Parana	2024/22	12,256
Sul	Rio Grande Do Sul	2024/22	3,652
Sul	Santa Catarina	2024/22	6,206"
2024/23 ,"Região|UF|Município	UF	Ano/Semana	Casos prováveis de Dengue.
Centro-Oeste	Distrito Federal	2024/23	1,339
Centro-Oeste	Goias	2024/23	5,237
Centro-Oeste	Mato Grosso	2024/23	1,004
Centro-Oeste	Mato Grosso Do Sul	2024/23	235
Nordeste	Alagoas	2024/23	595
Nordeste	Bahia	2024/23	2,931
Nordeste	Ceara	2024/23	356
Nordeste	Maranhao	2024/23	113
Nordeste	Paraiba	2024/23	242
Nordeste	Pernambuco	2024/23	866
Nordeste	Piaui	2024/23	532
Nordeste	Rio Grande Do Norte	2024/23	233
Nordeste	Sergipe	2024/23	69
Norte	Acre	2024/23	21
Norte	Amapa	2024/23	203
Norte	Amazonas	2024/23	56
Norte	Para	2024/23	337
Norte	Rondonia	2024/23	32
Norte	Roraima	2024/23	37
Norte	Tocantins	2024/23	70
Sudeste	Espirito Santo	2024/23	1,722
Sudeste	Minas Gerais	2024/23	10,381
Sudeste	Rio De Janeiro	2024/23	2,594
Sudeste	Sao Paulo	2024/23	44,472
Sul	Parana	2024/23	7,648
Sul	Rio Grande Do Sul	2024/23	2,220
Sul	Santa Catarina	2024/23	4,466"
2024/24 ,"Região|UF|Município	UF	Ano/Semana	Casos prováveis de Dengue.
Centro-Oeste	Distrito Federal	2024/24	851
Centro-Oeste	Goias	2024/24	4,414
Centro-Oeste	Mato Grosso	2024/24	867
Centro-Oeste	Mato Grosso Do Sul	2024/24	326
Nordeste	Alagoas	2024/24	717
Nordeste	Bahia	2024/24	2,228
Nordeste	Ceara	2024/24	372
Nordeste	Maranhao	2024/24	104
Nordeste	Paraiba	2024/24	258
Nordeste	Pernambuco	2024/24	791
Nordeste	Piaui	2024/24	436
Nordeste	Rio Grande Do Norte	2024/24	224
Nordeste	Sergipe	2024/24	65
Norte	Acre	2024/24	22
Norte	Amapa	2024/24	200
Norte	Amazonas	2024/24	48
Norte	Para	2024/24	338
Norte	Rondonia	2024/24	33
Norte	Roraima	2024/24	46
Norte	Tocantins	2024/24	59
Sudeste	Espirito Santo	2024/24	1,954
Sudeste	Minas Gerais	2024/24	7,562
Sudeste	Rio De Janeiro	2024/24	2,109
Sudeste	Sao Paulo	2024/24	40,943
Sul	Parana	2024/24	8,239
Sul	Rio Grande Do Sul	2024/24	2,794
Sul	Santa Catarina	2024/24	4,280"
2024/25 ,"Região|UF|Município	UF	Ano/Semana	Casos prováveis de Dengue.
Centro-Oeste	Distrito Federal	2024/25	567
Centro-Oeste	Goias	2024/25	3,268
Centro-Oeste	Mato Grosso	2024/25	850
Centro-Oeste	Mato Grosso Do Sul	2024/25	242
Nordeste	Alagoas	2024/25	728
Nordeste	Bahia	2024/25	1,561
Nordeste	Ceara	2024/25	297
Nordeste	Maranhao	2024/25	108
Nordeste	Paraiba	2024/25	183
Nordeste	Pernambuco	2024/25	649
Nordeste	Piaui	2024/25	320
Nordeste	Rio Grande Do Norte	2024/25	219
Nordeste	Sergipe	2024/25	42
Norte	Acre	2024/25	20
Norte	Amapa	2024/25	206
Norte	Amazonas	2024/25	43
Norte	Para	2024/25	289
Norte	Rondonia	2024/25	34
Norte	Roraima	2024/25	31
Norte	Tocantins	2024/25	52
Sudeste	Espirito Santo	2024/25	1,694
Sudeste	Minas Gerais	2024/25	5,308
Sudeste	Rio De Janeiro	2024/25	1,728
Sudeste	Sao Paulo	2024/25	33,239
Sul	Parana	2024/25	6,701
Sul	Rio Grande Do Sul	2024/25	2,798
Sul	Santa Catarina	2024/25	3,465"
2024/26 ,"Região|UF|Município	UF	Ano/Semana	Casos prováveis de Dengue.
Centro-Oeste	Distrito Federal	2024/26	286
Centro-Oeste	Goias	2024/26	2,530
Centro-Oeste	Mato Grosso	2024/26	587
Centro-Oeste	Mato Grosso Do Sul	2024/26	139
Nordeste	Alagoas	2024/26	599
Nordeste	Bahia	2024/26	1,364
Nordeste	Ceara	2024/26	239
Nordeste	Maranhao	2024/26	67
Nordeste	Paraiba	2024/26	193
Nordeste	Pernambuco	2024/26	686
Nordeste	Piaui	2024/26	204
Nordeste	Rio Grande Do Norte	2024/26	279
Nordeste	Sergipe	2024/26	40
Norte	Acre	2024/26	23
Norte	Amapa	2024/26	186
Norte	Amazonas	2024/26	61
Norte	Para	2024/26	272
Norte	Rondonia	2024/26	25
Norte	Roraima	2024/26	29
Norte	Tocantins	2024/26	39
Sudeste	Espirito Santo	2024/26	1,440
Sudeste	Minas Gerais	2024/26	3,751
Sudeste	Rio De Janeiro	2024/26	1,414
Sudeste	Sao Paulo	2024/26	22,405
Sul	Parana	2024/26	4,220
Sul	Rio Grande Do Sul	2024/26	1,650
Sul	Santa Catarina	2024/26	2,130"
2024/27 ,"Região|UF|Município	UF	Ano/Semana	Casos prováveis de Dengue.
Centro-Oeste	Distrito Federal	2024/27	328
Centro-Oeste	Goias	2024/27	2,323
Centro-Oeste	Mato Grosso	2024/27	586
Centro-Oeste	Mato Grosso Do Sul	2024/27	83
Nordeste	Alagoas	2024/27	734
Nordeste	Bahia	2024/27	1,263
Nordeste	Ceara	2024/27	282
Nordeste	Maranhao	2024/27	52
Nordeste	Paraiba	2024/27	235
Nordeste	Pernambuco	2024/27	785
Nordeste	Piaui	2024/27	201
Nordeste	Rio Grande Do Norte	2024/27	310
Nordeste	Sergipe	2024/27	38
Norte	Acre	2024/27	23
Norte	Amapa	2024/27	290
Norte	Amazonas	2024/27	71
Norte	Para	2024/27	256
Norte	Rondonia	2024/27	28
Norte	Roraima	2024/27	23
Norte	Tocantins	2024/27	32
Sudeste	Espirito Santo	2024/27	1,258
Sudeste	Minas Gerais	2024/27	2,817
Sudeste	Rio De Janeiro	2024/27	1,165
Sudeste	Sao Paulo	2024/27	14,531
Sul	Parana	2024/27	2,651
Sul	Rio Grande Do Sul	2024/27	823
Sul	Santa Catarina	2024/27	1,182"
2024/28 ,"Região|UF|Município	UF	Ano/Semana	Casos prováveis de Dengue.
Centro-Oeste	Distrito Federal	2024/28	283
Centro-Oeste	Goias	2024/28	1,655
Centro-Oeste	Mato Grosso	2024/28	391
Centro-Oeste	Mato Grosso Do Sul	2024/28	46
Nordeste	Alagoas	2024/28	781
Nordeste	Bahia	2024/28	1,118
Nordeste	Ceara	2024/28	230
Nordeste	Maranhao	2024/28	47
Nordeste	Paraiba	2024/28	188
Nordeste	Pernambuco	2024/28	585
Nordeste	Piaui	2024/28	187
Nordeste	Rio Grande Do Norte	2024/28	263
Nordeste	Sergipe	2024/28	49
Norte	Acre	2024/28	21
Norte	Amapa	2024/28	252
Norte	Amazonas	2024/28	65
Norte	Para	2024/28	238
Norte	Rondonia	2024/28	21
Norte	Roraima	2024/28	25
Norte	Tocantins	2024/28	12
Sudeste	Espirito Santo	2024/28	979
Sudeste	Minas Gerais	2024/28	1,973
Sudeste	Rio De Janeiro	2024/28	848
Sudeste	Sao Paulo	2024/28	9,872
Sul	Parana	2024/28	1,311
Sul	Rio Grande Do Sul	2024/28	347
Sul	Santa Catarina	2024/28	586"
2024/29 ,"Região|UF|Município	UF	Ano/Semana	Casos prováveis de Dengue.
Centro-Oeste	Distrito Federal	2024/29	208
Centro-Oeste	Goias	2024/29	1,301
Centro-Oeste	Mato Grosso	2024/29	266
Centro-Oeste	Mato Grosso Do Sul	2024/29	37
Nordeste	Alagoas	2024/29	660
Nordeste	Bahia	2024/29	965
Nordeste	Ceara	2024/29	181
Nordeste	Maranhao	2024/29	29
Nordeste	Paraiba	2024/29	210
Nordeste	Pernambuco	2024/29	618
Nordeste	Piaui	2024/29	189
Nordeste	Rio Grande Do Norte	2024/29	269
Nordeste	Sergipe	2024/29	41
Norte	Acre	2024/29	21
Norte	Amapa	2024/29	266
Norte	Amazonas	2024/29	70
Norte	Para	2024/29	212
Norte	Rondonia	2024/29	21
Norte	Roraima	2024/29	14
Norte	Tocantins	2024/29	13
Sudeste	Espirito Santo	2024/29	890
Sudeste	Minas Gerais	2024/29	1,609
Sudeste	Rio De Janeiro	2024/29	866
Sudeste	Sao Paulo	2024/29	7,439
Sul	Parana	2024/29	1,034
Sul	Rio Grande Do Sul	2024/29	309
Sul	Santa Catarina	2024/29	401"
2024/30 ,"Região|UF|Município	UF	Ano/Semana	Casos prováveis de Dengue.
Centro-Oeste	Distrito Federal	2024/30	212
Centro-Oeste	Goias	2024/30	1,219
Centro-Oeste	Mato Grosso	2024/30	301
Centro-Oeste	Mato Grosso Do Sul	2024/30	43
Nordeste	Alagoas	2024/30	635
Nordeste	Bahia	2024/30	746
Nordeste	Ceara	2024/30	144
Nordeste	Maranhao	2024/30	35
Nordeste	Paraiba	2024/30	190
Nordeste	Pernambuco	2024/30	496
Nordeste	Piaui	2024/30	155
Nordeste	Rio Grande Do Norte	2024/30	200
Nordeste	Sergipe	2024/30	37
Norte	Acre	2024/30	15
Norte	Amapa	2024/30	231
Norte	Amazonas	2024/30	57
Norte	Para	2024/30	191
Norte	Rondonia	2024/30	19
Norte	Roraima	2024/30	17
Norte	Tocantins	2024/30	9
Sudeste	Espirito Santo	2024/30	811
Sudeste	Minas Gerais	2024/30	1,095
Sudeste	Rio De Janeiro	2024/30	736
Sudeste	Sao Paulo	2024/30	6,259
Sul	Parana	2024/30	1,115
Sul	Rio Grande Do Sul	2024/30	280
Sul	Santa Catarina	2024/30	447"
2024/31 ,"Região|UF|Município	UF	Ano/Semana	Casos prováveis de Dengue.
Centro-Oeste	Distrito Federal	2024/31	241
Centro-Oeste	Goias	2024/31	1,262
Centro-Oeste	Mato Grosso	2024/31	281
Centro-Oeste	Mato Grosso Do Sul	2024/31	51
Nordeste	Alagoas	2024/31	464
Nordeste	Bahia	2024/31	687
Nordeste	Ceara	2024/31	171
Nordeste	Maranhao	2024/31	31
Nordeste	Paraiba	2024/31	201
Nordeste	Pernambuco	2024/31	367
Nordeste	Piaui	2024/31	118
Nordeste	Rio Grande Do Norte	2024/31	225
Nordeste	Sergipe	2024/31	36
Norte	Acre	2024/31	24
Norte	Amapa	2024/31	300
Norte	Amazonas	2024/31	61
Norte	Para	2024/31	199
Norte	Rondonia	2024/31	23
Norte	Roraima	2024/31	13
Norte	Tocantins	2024/31	17
Sudeste	Espirito Santo	2024/31	668
Sudeste	Minas Gerais	2024/31	1,022
Sudeste	Rio De Janeiro	2024/31	663
Sudeste	Sao Paulo	2024/31	5,291
Sul	Parana	2024/31	859
Sul	Rio Grande Do Sul	2024/31	249
Sul	Santa Catarina	2024/31	371"
2024/32 ,"Região|UF|Município	UF	Ano/Semana	Casos prováveis de Dengue.
Centro-Oeste	Distrito Federal	2024/32	229
Centro-Oeste	Goias	2024/32	983
Centro-Oeste	Mato Grosso	2024/32	217
Centro-Oeste	Mato Grosso Do Sul	2024/32	28
Nordeste	Alagoas	2024/32	425
Nordeste	Bahia	2024/32	599
Nordeste	Ceara	2024/32	202
Nordeste	Maranhao	2024/32	36
Nordeste	Paraiba	2024/32	215
Nordeste	Pernambuco	2024/32	374
Nordeste	Piaui	2024/32	102
Nordeste	Rio Grande Do Norte	2024/32	218
Nordeste	Sergipe	2024/32	25
Norte	Acre	2024/32	26
Norte	Amapa	2024/32	217
Norte	Amazonas	2024/32	67
Norte	Para	2024/32	195
Norte	Rondonia	2024/32	22
Norte	Roraima	2024/32	28
Norte	Tocantins	2024/32	8
Sudeste	Espirito Santo	2024/32	604
Sudeste	Minas Gerais	2024/32	851
Sudeste	Rio De Janeiro	2024/32	541
Sudeste	Sao Paulo	2024/32	4,281
Sul	Parana	2024/32	669
Sul	Rio Grande Do Sul	2024/32	158
Sul	Santa Catarina	2024/32	272"
2024/33 ,"Região|UF|Município	UF	Ano/Semana	Casos prováveis de Dengue.
Centro-Oeste	Distrito Federal	2024/33	250
Centro-Oeste	Goias	2024/33	941
Centro-Oeste	Mato Grosso	2024/33	160
Centro-Oeste	Mato Grosso Do Sul	2024/33	27
Nordeste	Alagoas	2024/33	396
Nordeste	Bahia	2024/33	540
Nordeste	Ceara	2024/33	151
Nordeste	Maranhao	2024/33	27
Nordeste	Paraiba	2024/33	206
Nordeste	Pernambuco	2024/33	352
Nordeste	Piaui	2024/33	78
Nordeste	Rio Grande Do Norte	2024/33	187
Nordeste	Sergipe	2024/33	24
Norte	Acre	2024/33	21
Norte	Amapa	2024/33	200
Norte	Amazonas	2024/33	63
Norte	Para	2024/33	157
Norte	Rondonia	2024/33	14
Norte	Roraima	2024/33	17
Norte	Tocantins	2024/33	9
Sudeste	Espirito Santo	2024/33	547
Sudeste	Minas Gerais	2024/33	804
Sudeste	Rio De Janeiro	2024/33	464
Sudeste	Sao Paulo	2024/33	3,685
Sul	Parana	2024/33	496
Sul	Rio Grande Do Sul	2024/33	141
Sul	Santa Catarina	2024/33	200"
2024/34 ,"Região|UF|Município	UF	Ano/Semana	Casos prováveis de Dengue.
Centro-Oeste	Distrito Federal	2024/34	220
Centro-Oeste	Goias	2024/34	851
Centro-Oeste	Mato Grosso	2024/34	152
Centro-Oeste	Mato Grosso Do Sul	2024/34	30
Nordeste	Alagoas	2024/34	308
Nordeste	Bahia	2024/34	468
Nordeste	Ceara	2024/34	126
Nordeste	Maranhao	2024/34	27
Nordeste	Paraiba	2024/34	159
Nordeste	Pernambuco	2024/34	304
Nordeste	Piaui	2024/34	79
Nordeste	Rio Grande Do Norte	2024/34	147
Nordeste	Sergipe	2024/34	37
Norte	Acre	2024/34	18
Norte	Amapa	2024/34	183
Norte	Amazonas	2024/34	69
Norte	Para	2024/34	197
Norte	Rondonia	2024/34	20
Norte	Roraima	2024/34	12
Norte	Tocantins	2024/34	7
Sudeste	Espirito Santo	2024/34	542
Sudeste	Minas Gerais	2024/34	919
Sudeste	Rio De Janeiro	2024/34	499
Sudeste	Sao Paulo	2024/34	3,264
Sul	Parana	2024/34	495
Sul	Rio Grande Do Sul	2024/34	127
Sul	Santa Catarina	2024/34	189"
2024/35 ,"Região|UF|Município	UF	Ano/Semana	Casos prováveis de Dengue.
Centro-Oeste	Distrito Federal	2024/35	184
Centro-Oeste	Goias	2024/35	735
Centro-Oeste	Mato Grosso	2024/35	145
Centro-Oeste	Mato Grosso Do Sul	2024/35	24
Nordeste	Alagoas	2024/35	301
Nordeste	Bahia	2024/35	408
Nordeste	Ceara	2024/35	93
Nordeste	Maranhao	2024/35	32
Nordeste	Paraiba	2024/35	158
Nordeste	Pernambuco	2024/35	240
Nordeste	Piaui	2024/35	68
Nordeste	Rio Grande Do Norte	2024/35	135
Nordeste	Sergipe	2024/35	18
Norte	Acre	2024/35	16
Norte	Amapa	2024/35	130
Norte	Amazonas	2024/35	93
Norte	Para	2024/35	164
Norte	Rondonia	2024/35	15
Norte	Roraima	2024/35	21
Norte	Tocantins	2024/35	13
Sudeste	Espirito Santo	2024/35	499
Sudeste	Minas Gerais	2024/35	716
Sudeste	Rio De Janeiro	2024/35	430
Sudeste	Sao Paulo	2024/35	2,837
Sul	Parana	2024/35	380
Sul	Rio Grande Do Sul	2024/35	115
Sul	Santa Catarina	2024/35	85"
2024/36 ,"Região|UF|Município	UF	Ano/Semana	Casos prováveis de Dengue.
Centro-Oeste	Distrito Federal	2024/36	175
Centro-Oeste	Goias	2024/36	747
Centro-Oeste	Mato Grosso	2024/36	150
Centro-Oeste	Mato Grosso Do Sul	2024/36	16
Nordeste	Alagoas	2024/36	247
Nordeste	Bahia	2024/36	387
Nordeste	Ceara	2024/36	92
Nordeste	Maranhao	2024/36	23
Nordeste	Paraiba	2024/36	154
Nordeste	Pernambuco	2024/36	281
Nordeste	Piaui	2024/36	54
Nordeste	Rio Grande Do Norte	2024/36	136
Nordeste	Sergipe	2024/36	24
Norte	Acre	2024/36	21
Norte	Amapa	2024/36	114
Norte	Amazonas	2024/36	82
Norte	Para	2024/36	138
Norte	Rondonia	2024/36	6
Norte	Roraima	2024/36	10
Norte	Tocantins	2024/36	6
Sudeste	Espirito Santo	2024/36	505
Sudeste	Minas Gerais	2024/36	826
Sudeste	Rio De Janeiro	2024/36	515
Sudeste	Sao Paulo	2024/36	3,070
Sul	Parana	2024/36	466
Sul	Rio Grande Do Sul	2024/36	134
Sul	Santa Catarina	2024/36	74"
2024/37 ,"Região|UF|Município	UF	Ano/Semana	Casos prováveis de Dengue.
Centro-Oeste	Distrito Federal	2024/37	187
Centro-Oeste	Goias	2024/37	748
Centro-Oeste	Mato Grosso	2024/37	112
Centro-Oeste	Mato Grosso Do Sul	2024/37	23
Nordeste	Alagoas	2024/37	240
Nordeste	Bahia	2024/37	397
Nordeste	Ceara	2024/37	94
Nordeste	Maranhao	2024/37	27
Nordeste	Paraiba	2024/37	133
Nordeste	Pernambuco	2024/37	287
Nordeste	Piaui	2024/37	42
Nordeste	Rio Grande Do Norte	2024/37	122
Nordeste	Sergipe	2024/37	20
Norte	Acre	2024/37	27
Norte	Amapa	2024/37	101
Norte	Amazonas	2024/37	104
Norte	Para	2024/37	166
Norte	Rondonia	2024/37	16
Norte	Roraima	2024/37	8
Norte	Tocantins	2024/37	12
Sudeste	Espirito Santo	2024/37	435
Sudeste	Minas Gerais	2024/37	786
Sudeste	Rio De Janeiro	2024/37	583
Sudeste	Sao Paulo	2024/37	3,025
Sul	Parana	2024/37	509
Sul	Rio Grande Do Sul	2024/37	135
Sul	Santa Catarina	2024/37	78"
2024/38 ,"Região|UF|Município	UF	Ano/Semana	Casos prováveis de Dengue.
Centro-Oeste	Distrito Federal	2024/38	173
Centro-Oeste	Goias	2024/38	666
Centro-Oeste	Mato Grosso	2024/38	138
Centro-Oeste	Mato Grosso Do Sul	2024/38	40
Nordeste	Alagoas	2024/38	239
Nordeste	Bahia	2024/38	341
Nordeste	Ceara	2024/38	81
Nordeste	Maranhao	2024/38	27
Nordeste	Paraiba	2024/38	122
Nordeste	Pernambuco	2024/38	291
Nordeste	Piaui	2024/38	31
Nordeste	Rio Grande Do Norte	2024/38	133
Nordeste	Sergipe	2024/38	11
Norte	Acre	2024/38	28
Norte	Amapa	2024/38	111
Norte	Amazonas	2024/38	70
Norte	Para	2024/38	173
Norte	Rondonia	2024/38	10
Norte	Roraima	2024/38	9
Norte	Tocantins	2024/38	14
Sudeste	Espirito Santo	2024/38	456
Sudeste	Minas Gerais	2024/38	877
Sudeste	Rio De Janeiro	2024/38	422
Sudeste	Sao Paulo	2024/38	2,875
Sul	Parana	2024/38	452
Sul	Rio Grande Do Sul	2024/38	103
Sul	Santa Catarina	2024/38	84"
2024/39 ,"Região|UF|Município	UF	Ano/Semana	Casos prováveis de Dengue.
Centro-Oeste	Distrito Federal	2024/39	197
Centro-Oeste	Goias	2024/39	568
Centro-Oeste	Mato Grosso	2024/39	76
Centro-Oeste	Mato Grosso Do Sul	2024/39	36
Nordeste	Alagoas	2024/39	177
Nordeste	Bahia	2024/39	325
Nordeste	Ceara	2024/39	83
Nordeste	Maranhao	2024/39	19
Nordeste	Paraiba	2024/39	108
Nordeste	Pernambuco	2024/39	240
Nordeste	Piaui	2024/39	26
Nordeste	Rio Grande Do Norte	2024/39	123
Nordeste	Sergipe	2024/39	10
Norte	Acre	2024/39	35
Norte	Amapa	2024/39	96
Norte	Amazonas	2024/39	63
Norte	Para	2024/39	134
Norte	Rondonia	2024/39	8
Norte	Roraima	2024/39	14
Norte	Tocantins	2024/39	4
Sudeste	Espirito Santo	2024/39	470
Sudeste	Minas Gerais	2024/39	862
Sudeste	Rio De Janeiro	2024/39	389
Sudeste	Sao Paulo	2024/39	2,906
Sul	Parana	2024/39	491
Sul	Rio Grande Do Sul	2024/39	130
Sul	Santa Catarina	2024/39	98"
2024/40 ,"Região|UF|Município	UF	Ano/Semana	Casos prováveis de Dengue.
Centro-Oeste	Distrito Federal	2024/40	181
Centro-Oeste	Goias	2024/40	578
Centro-Oeste	Mato Grosso	2024/40	96
Centro-Oeste	Mato Grosso Do Sul	2024/40	34
Nordeste	Alagoas	2024/40	155
Nordeste	Bahia	2024/40	245
Nordeste	Ceara	2024/40	52
Nordeste	Maranhao	2024/40	19
Nordeste	Paraiba	2024/40	104
Nordeste	Pernambuco	2024/40	218
Nordeste	Piaui	2024/40	40
Nordeste	Rio Grande Do Norte	2024/40	89
Nordeste	Sergipe	2024/40	24
Norte	Acre	2024/40	63
Norte	Amapa	2024/40	97
Norte	Amazonas	2024/40	65
Norte	Para	2024/40	128
Norte	Rondonia	2024/40	4
Norte	Roraima	2024/40	9
Norte	Tocantins	2024/40	6
Sudeste	Espirito Santo	2024/40	509
Sudeste	Minas Gerais	2024/40	897
Sudeste	Rio De Janeiro	2024/40	359
Sudeste	Sao Paulo	2024/40	2,860
Sul	Parana	2024/40	486
Sul	Rio Grande Do Sul	2024/40	114
Sul	Santa Catarina	2024/40	99"
2024/41 ,"Região|UF|Município	UF	Ano/Semana	Casos prováveis de Dengue.
Centro-Oeste	Distrito Federal	2024/41	168
Centro-Oeste	Goias	2024/41	640
Centro-Oeste	Mato Grosso	2024/41	81
Centro-Oeste	Mato Grosso Do Sul	2024/41	37
Nordeste	Alagoas	2024/41	134
Nordeste	Bahia	2024/41	280
Nordeste	Ceara	2024/41	61
Nordeste	Maranhao	2024/41	16
Nordeste	Paraiba	2024/41	118
Nordeste	Pernambuco	2024/41	219
Nordeste	Piaui	2024/41	37
Nordeste	Rio Grande Do Norte	2024/41	125
Nordeste	Sergipe	2024/41	11
Norte	Acre	2024/41	68
Norte	Amapa	2024/41	75
Norte	Amazonas	2024/41	84
Norte	Para	2024/41	85
Norte	Rondonia	2024/41	7
Norte	Roraima	2024/41	13
Norte	Tocantins	2024/41	6
Sudeste	Espirito Santo	2024/41	442
Sudeste	Minas Gerais	2024/41	857
Sudeste	Rio De Janeiro	2024/41	355
Sudeste	Sao Paulo	2024/41	2,621
Sul	Parana	2024/41	430
Sul	Rio Grande Do Sul	2024/41	96
Sul	Santa Catarina	2024/41	109"
2024/42 ,"Região|UF|Município	UF	Ano/Semana	Casos prováveis de Dengue.
Centro-Oeste	Distrito Federal	2024/42	155
Centro-Oeste	Goias	2024/42	637
Centro-Oeste	Mato Grosso	2024/42	82
Centro-Oeste	Mato Grosso Do Sul	2024/42	36
Nordeste	Alagoas	2024/42	118
Nordeste	Bahia	2024/42	302
Nordeste	Ceara	2024/42	65
Nordeste	Maranhao	2024/42	23
Nordeste	Paraiba	2024/42	122
Nordeste	Pernambuco	2024/42	231
Nordeste	Piaui	2024/42	42
Nordeste	Rio Grande Do Norte	2024/42	115
Nordeste	Sergipe	2024/42	15
Norte	Acre	2024/42	69
Norte	Amapa	2024/42	70
Norte	Amazonas	2024/42	77
Norte	Para	2024/42	109
Norte	Rondonia	2024/42	12
Norte	Roraima	2024/42	4
Norte	Tocantins	2024/42	7
Sudeste	Espirito Santo	2024/42	581
Sudeste	Minas Gerais	2024/42	856
Sudeste	Rio De Janeiro	2024/42	329
Sudeste	Sao Paulo	2024/42	2,947
Sul	Parana	2024/42	487
Sul	Rio Grande Do Sul	2024/42	119
Sul	Santa Catarina	2024/42	111"
2024/43 ,"Região|UF|Município	UF	Ano/Semana	Casos prováveis de Dengue.
Centro-Oeste	Distrito Federal	2024/43	202
Centro-Oeste	Goias	2024/43	754
Centro-Oeste	Mato Grosso	2024/43	98
Centro-Oeste	Mato Grosso Do Sul	2024/43	30
Nordeste	Alagoas	2024/43	98
Nordeste	Bahia	2024/43	292
Nordeste	Ceara	2024/43	54
Nordeste	Maranhao	2024/43	19
Nordeste	Paraiba	2024/43	140
Nordeste	Pernambuco	2024/43	243
Nordeste	Piaui	2024/43	37
Nordeste	Rio Grande Do Norte	2024/43	102
Nordeste	Sergipe	2024/43	10
Norte	Acre	2024/43	88
Norte	Amapa	2024/43	53
Norte	Amazonas	2024/43	91
Norte	Para	2024/43	120
Norte	Rondonia	2024/43	8
Norte	Roraima	2024/43	4
Norte	Tocantins	2024/43	12
Sudeste	Espirito Santo	2024/43	663
Sudeste	Minas Gerais	2024/43	1,025
Sudeste	Rio De Janeiro	2024/43	394
Sudeste	Sao Paulo	2024/43	2,891
Sul	Parana	2024/43	532
Sul	Rio Grande Do Sul	2024/43	113
Sul	Santa Catarina	2024/43	121"
2024/44 ,"Região|UF|Município	UF	Ano/Semana	Casos prováveis de Dengue.
Centro-Oeste	Distrito Federal	2024/44	239
Centro-Oeste	Goias	2024/44	840
Centro-Oeste	Mato Grosso	2024/44	114
Centro-Oeste	Mato Grosso Do Sul	2024/44	38
Nordeste	Alagoas	2024/44	100
Nordeste	Bahia	2024/44	306
Nordeste	Ceara	2024/44	35
Nordeste	Maranhao	2024/44	32
Nordeste	Paraiba	2024/44	129
Nordeste	Pernambuco	2024/44	236
Nordeste	Piaui	2024/44	25
Nordeste	Rio Grande Do Norte	2024/44	134
Nordeste	Sergipe	2024/44	8
Norte	Acre	2024/44	93
Norte	Amapa	2024/44	53
Norte	Amazonas	2024/44	117
Norte	Para	2024/44	128
Norte	Rondonia	2024/44	13
Norte	Roraima	2024/44	6
Norte	Tocantins	2024/44	6
Sudeste	Espirito Santo	2024/44	610
Sudeste	Minas Gerais	2024/44	1,128
Sudeste	Rio De Janeiro	2024/44	377
Sudeste	Sao Paulo	2024/44	3,182
Sul	Parana	2024/44	600
Sul	Rio Grande Do Sul	2024/44	129
Sul	Santa Catarina	2024/44	132"
2024/45 ,"Região|UF|Município	UF	Ano/Semana	Casos prováveis de Dengue.
Centro-Oeste	Distrito Federal	2024/45	334
Centro-Oeste	Goias	2024/45	939
Centro-Oeste	Mato Grosso	2024/45	130
Centro-Oeste	Mato Grosso Do Sul	2024/45	38
Nordeste	Alagoas	2024/45	90
Nordeste	Bahia	2024/45	336
Nordeste	Ceara	2024/45	45
Nordeste	Maranhao	2024/45	23
Nordeste	Paraiba	2024/45	117
Nordeste	Pernambuco	2024/45	231
Nordeste	Piaui	2024/45	35
Nordeste	Rio Grande Do Norte	2024/45	116
Nordeste	Sergipe	2024/45	13
Norte	Acre	2024/45	99
Norte	Amapa	2024/45	28
Norte	Amazonas	2024/45	91
Norte	Para	2024/45	146
Norte	Rondonia	2024/45	10
Norte	Roraima	2024/45	7
Norte	Tocantins	2024/45	14
Sudeste	Espirito Santo	2024/45	811
Sudeste	Minas Gerais	2024/45	1,358
Sudeste	Rio De Janeiro	2024/45	418
Sudeste	Sao Paulo	2024/45	3,168
Sul	Parana	2024/45	543
Sul	Rio Grande Do Sul	2024/45	134
Sul	Santa Catarina	2024/45	134"
2024/46 ,"Região|UF|Município	UF	Ano/Semana	Casos prováveis de Dengue.
Centro-Oeste	Distrito Federal	2024/46	316
Centro-Oeste	Goias	2024/46	1,081
Centro-Oeste	Mato Grosso	2024/46	169
Centro-Oeste	Mato Grosso Do Sul	2024/46	33
Nordeste	Alagoas	2024/46	74
Nordeste	Bahia	2024/46	315
Nordeste	Ceara	2024/46	45
Nordeste	Maranhao	2024/46	30
Nordeste	Paraiba	2024/46	113
Nordeste	Pernambuco	2024/46	221
Nordeste	Piaui	2024/46	36
Nordeste	Rio Grande Do Norte	2024/46	98
Nordeste	Sergipe	2024/46	5
Norte	Acre	2024/46	145
Norte	Amapa	2024/46	48
Norte	Amazonas	2024/46	74
Norte	Para	2024/46	159
Norte	Rondonia	2024/46	18
Norte	Roraima	2024/46	4
Norte	Tocantins	2024/46	15
Sudeste	Espirito Santo	2024/46	855
Sudeste	Minas Gerais	2024/46	1,552
Sudeste	Rio De Janeiro	2024/46	330
Sudeste	Sao Paulo	2024/46	3,612
Sul	Parana	2024/46	588
Sul	Rio Grande Do Sul	2024/46	115
Sul	Santa Catarina	2024/46	157"
2024/47 ,"Região|UF|Município	UF	Ano/Semana	Casos prováveis de Dengue.
Centro-Oeste	Distrito Federal	2024/47	472
Centro-Oeste	Goias	2024/47	1,449
Centro-Oeste	Mato Grosso	2024/47	222
Centro-Oeste	Mato Grosso Do Sul	2024/47	41
Nordeste	Alagoas	2024/47	70
Nordeste	Bahia	2024/47	370
Nordeste	Ceara	2024/47	79
Nordeste	Maranhao	2024/47	31
Nordeste	Paraiba	2024/47	130
Nordeste	Pernambuco	2024/47	249
Nordeste	Piaui	2024/47	30
Nordeste	Rio Grande Do Norte	2024/47	92
Nordeste	Sergipe	2024/47	10
Norte	Acre	2024/47	178
Norte	Amapa	2024/47	31
Norte	Amazonas	2024/47	133
Norte	Para	2024/47	204
Norte	Rondonia	2024/47	15
Norte	Roraima	2024/47	2
Norte	Tocantins	2024/47	24
Sudeste	Espirito Santo	2024/47	1,210
Sudeste	Minas Gerais	2024/47	2,017
Sudeste	Rio De Janeiro	2024/47	302
Sudeste	Sao Paulo	2024/47	4,501
Sul	Parana	2024/47	709
Sul	Rio Grande Do Sul	2024/47	93
Sul	Santa Catarina	2024/47	140"
2024/48 ,"Região|UF|Município	UF	Ano/Semana	Casos prováveis de Dengue.
Centro-Oeste	Distrito Federal	2024/48	359
Centro-Oeste	Goias	2024/48	1,481
Centro-Oeste	Mato Grosso	2024/48	277
Centro-Oeste	Mato Grosso Do Sul	2024/48	41
Nordeste	Alagoas	2024/48	52
Nordeste	Bahia	2024/48	406
Nordeste	Ceara	2024/48	60
Nordeste	Maranhao	2024/48	26
Nordeste	Paraiba	2024/48	115
Nordeste	Pernambuco	2024/48	260
Nordeste	Piaui	2024/48	45
Nordeste	Rio Grande Do Norte	2024/48	110
Nordeste	Sergipe	2024/48	13
Norte	Acre	2024/48	195
Norte	Amapa	2024/48	21
Norte	Amazonas	2024/48	92
Norte	Para	2024/48	149
Norte	Rondonia	2024/48	19
Norte	Roraima	2024/48	4
Norte	Tocantins	2024/48	16
Sudeste	Espirito Santo	2024/48	1,418
Sudeste	Minas Gerais	2024/48	2,262
Sudeste	Rio De Janeiro	2024/48	374
Sudeste	Sao Paulo	2024/48	5,140
Sul	Parana	2024/48	708
Sul	Rio Grande Do Sul	2024/48	140
Sul	Santa Catarina	2024/48	144"
2024/49 ,"Região|UF|Município	UF	Ano/Semana	Casos prováveis de Dengue.
Centro-Oeste	Distrito Federal	2024/49	404
Centro-Oeste	Goias	2024/49	1,741
Centro-Oeste	Mato Grosso	2024/49	417
Centro-Oeste	Mato Grosso Do Sul	2024/49	40
Nordeste	Alagoas	2024/49	57
Nordeste	Bahia	2024/49	427
Nordeste	Ceara	2024/49	47
Nordeste	Maranhao	2024/49	31
Nordeste	Paraiba	2024/49	122
Nordeste	Pernambuco	2024/49	217
Nordeste	Piaui	2024/49	22
Nordeste	Rio Grande Do Norte	2024/49	108
Nordeste	Sergipe	2024/49	19
Norte	Acre	2024/49	302
Norte	Amapa	2024/49	23
Norte	Amazonas	2024/49	143
Norte	Para	2024/49	182
Norte	Rondonia	2024/49	27
Norte	Roraima	2024/49	4
Norte	Tocantins	2024/49	20
Sudeste	Espirito Santo	2024/49	1,630
Sudeste	Minas Gerais	2024/49	2,502
Sudeste	Rio De Janeiro	2024/49	381
Sudeste	Sao Paulo	2024/49	6,541
Sul	Parana	2024/49	736
Sul	Rio Grande Do Sul	2024/49	125
Sul	Santa Catarina	2024/49	246"
2024/50 ,"Região|UF|Município	UF	Ano/Semana	Casos prováveis de Dengue.
Centro-Oeste	Distrito Federal	2024/50	337
Centro-Oeste	Goias	2024/50	1,587
Centro-Oeste	Mato Grosso	2024/50	490
Centro-Oeste	Mato Grosso Do Sul	2024/50	73
Nordeste	Alagoas	2024/50	58
Nordeste	Bahia	2024/50	431
Nordeste	Ceara	2024/50	36
Nordeste	Maranhao	2024/50	34
Nordeste	Paraiba	2024/50	130
Nordeste	Pernambuco	2024/50	234
Nordeste	Piaui	2024/50	35
Nordeste	Rio Grande Do Norte	2024/50	120
Nordeste	Sergipe	2024/50	10
Norte	Acre	2024/50	429
Norte	Amapa	2024/50	19
Norte	Amazonas	2024/50	123
Norte	Para	2024/50	200
Norte	Rondonia	2024/50	22
Norte	Roraima	2024/50	4
Norte	Tocantins	2024/50	26
Sudeste	Espirito Santo	2024/50	1,833
Sudeste	Minas Gerais	2024/50	2,667
Sudeste	Rio De Janeiro	2024/50	408
Sudeste	Sao Paulo	2024/50	8,302
Sul	Parana	2024/50	819
Sul	Rio Grande Do Sul	2024/50	87
Sul	Santa Catarina	2024/50	341"
2024/51 ,"Região|UF|Município	UF	Ano/Semana	Casos prováveis de Dengue.
Centro-Oeste	Distrito Federal	2024/51	298
Centro-Oeste	Goias	2024/51	1,352
Centro-Oeste	Mato Grosso	2024/51	588
Centro-Oeste	Mato Grosso Do Sul	2024/51	59
Nordeste	Alagoas	2024/51	54
Nordeste	Bahia	2024/51	397
Nordeste	Ceara	2024/51	37
Nordeste	Maranhao	2024/51	15
Nordeste	Paraiba	2024/51	91
Nordeste	Pernambuco	2024/51	259
Nordeste	Piaui	2024/51	18
Nordeste	Rio Grande Do Norte	2024/51	115
Nordeste	Sergipe	2024/51	13
Norte	Acre	2024/51	490
Norte	Amapa	2024/51	18
Norte	Amazonas	2024/51	99
Norte	Para	2024/51	180
Norte	Rondonia	2024/51	23
Norte	Roraima	2024/51	3
Norte	Tocantins	2024/51	23
Sudeste	Espirito Santo	2024/51	2,153
Sudeste	Minas Gerais	2024/51	2,274
Sudeste	Rio De Janeiro	2024/51	291
Sudeste	Sao Paulo	2024/51	8,312
Sul	Parana	2024/51	817
Sul	Rio Grande Do Sul	2024/51	97
Sul	Santa Catarina	2024/51	259"
2024/52 ,"Região|UF|Município	UF	Ano/Semana	Casos prováveis de Dengue.
Centro-Oeste	Distrito Federal	2024/52	144
Centro-Oeste	Goias	2024/52	654
Centro-Oeste	Mato Grosso	2024/52	352
Centro-Oeste	Mato Grosso Do Sul	2024/52	34
Nordeste	Alagoas	2024/52	35
Nordeste	Bahia	2024/52	220
Nordeste	Ceara	2024/52	8
Nordeste	Maranhao	2024/52	14
Nordeste	Paraiba	2024/52	55
Nordeste	Pernambuco	2024/52	105
Nordeste	Piaui	2024/52	11
Nordeste	Rio Grande Do Norte	2024/52	51
Nordeste	Sergipe	2024/52	27
Norte	Acre	2024/52	252
Norte	Amapa	2024/52	7
Norte	Amazonas	2024/52	56
Norte	Para	2024/52	83
Norte	Rondonia	2024/52	3
Norte	Roraima	2024/52	1
Norte	Tocantins	2024/52	6
Sudeste	Espirito Santo	2024/52	1,894
Sudeste	Minas Gerais	2024/52	1,017
Sudeste	Rio De Janeiro	2024/52	153
Sudeste	Sao Paulo	2024/52	5,414
Sul	Parana	2024/52	567
Sul	Rio Grande Do Sul	2024/52	47
Sul	Santa Catarina	2024/52	221"
2025/01 ,"Região|UF|Município	UF	Ano/Semana	Casos prováveis de Dengue.
Centro-Oeste	Distrito Federal	2025/01	393
Centro-Oeste	Goias	2025/01	1,696
Centro-Oeste	Mato Grosso	2025/01	1,031
Centro-Oeste	Mato Grosso Do Sul	2025/01	171
Nordeste	Alagoas	2025/01	66
Nordeste	Bahia	2025/01	488
Nordeste	Ceara	2025/01	71
Nordeste	Maranhao	2025/01	32
Nordeste	Paraiba	2025/01	103
Nordeste	Pernambuco	2025/01	233
Nordeste	Piaui	2025/01	40
Nordeste	Rio Grande Do Norte	2025/01	68
Nordeste	Sergipe	2025/01	30
Norte	Acre	2025/01	582
Norte	Amapa	2025/01	48
Norte	Amazonas	2025/01	162
Norte	Para	2025/01	347
Norte	Rondonia	2025/01	35
Norte	Roraima	2025/01	5
Norte	Tocantins	2025/01	39
Sudeste	Espirito Santo	2025/01	1,028
Sudeste	Minas Gerais	2025/01	3,044
Sudeste	Rio De Janeiro	2025/01	512
Sudeste	Sao Paulo	2025/01	18,673
Sul	Parana	2025/01	1,144
Sul	Rio Grande Do Sul	2025/01	141
Sul	Santa Catarina	2025/01	334"
2025/02 ,"Região|UF|Município	UF	Ano/Semana	Casos prováveis de Dengue.
Centro-Oeste	Distrito Federal	2025/02	470
Centro-Oeste	Goias	2025/02	2,485
Centro-Oeste	Mato Grosso	2025/02	1,580
Centro-Oeste	Mato Grosso Do Sul	2025/02	230
Nordeste	Alagoas	2025/02	75
Nordeste	Bahia	2025/02	598
Nordeste	Ceara	2025/02	102
Nordeste	Maranhao	2025/02	58
Nordeste	Paraiba	2025/02	97
Nordeste	Pernambuco	2025/02	312
Nordeste	Piaui	2025/02	69
Nordeste	Rio Grande Do Norte	2025/02	94
Nordeste	Sergipe	2025/02	36
Norte	Acre	2025/02	667
Norte	Amapa	2025/02	114
Norte	Amazonas	2025/02	180
Norte	Para	2025/02	557
Norte	Rondonia	2025/02	47
Norte	Roraima	2025/02	5
Norte	Tocantins	2025/02	69
Sudeste	Espirito Santo	2025/02	1,303
Sudeste	Minas Gerais	2025/02	4,265
Sudeste	Rio De Janeiro	2025/02	599
Sudeste	Sao Paulo	2025/02	22,916
Sul	Parana	2025/02	1,462
Sul	Rio Grande Do Sul	2025/02	205
Sul	Santa Catarina	2025/02	355"
2025/03 ,"Região|UF|Município	UF	Ano/Semana	Casos prováveis de Dengue.
Centro-Oeste	Distrito Federal	2025/03	403
Centro-Oeste	Goias	2025/03	2,525
Centro-Oeste	Mato Grosso	2025/03	2,088
Centro-Oeste	Mato Grosso Do Sul	2025/03	292
Nordeste	Alagoas	2025/03	63
Nordeste	Bahia	2025/03	677
Nordeste	Ceara	2025/03	113
Nordeste	Maranhao	2025/03	79
Nordeste	Paraiba	2025/03	109
Nordeste	Pernambuco	2025/03	323
Nordeste	Piaui	2025/03	107
Nordeste	Rio Grande Do Norte	2025/03	108
Nordeste	Sergipe	2025/03	35
Norte	Acre	2025/03	699
Norte	Amapa	2025/03	95
Norte	Amazonas	2025/03	197
Norte	Para	2025/03	741
Norte	Rondonia	2025/03	41
Norte	Roraima	2025/03	7
Norte	Tocantins	2025/03	83
Sudeste	Espirito Santo	2025/03	1,435
Sudeste	Minas Gerais	2025/03	5,544
Sudeste	Rio De Janeiro	2025/03	696
Sudeste	Sao Paulo	2025/03	26,544
Sul	Parana	2025/03	1,730
Sul	Rio Grande Do Sul	2025/03	222
Sul	Santa Catarina	2025/03	344"
2025/04 ,"Região|UF|Município	UF	Ano/Semana	Casos prováveis de Dengue.
Centro-Oeste	Distrito Federal	2025/04	475
Centro-Oeste	Goias	2025/04	3,170
Centro-Oeste	Mato Grosso	2025/04	2,218
Centro-Oeste	Mato Grosso Do Sul	2025/04	355
Nordeste	Alagoas	2025/04	50
Nordeste	Bahia	2025/04	909
Nordeste	Ceara	2025/04	114
Nordeste	Maranhao	2025/04	108
Nordeste	Paraiba	2025/04	151
Nordeste	Pernambuco	2025/04	330
Nordeste	Piaui	2025/04	132
Nordeste	Rio Grande Do Norte	2025/04	127
Nordeste	Sergipe	2025/04	33
Norte	Acre	2025/04	806
Norte	Amapa	2025/04	149
Norte	Amazonas	2025/04	244
Norte	Para	2025/04	873
Norte	Rondonia	2025/04	50
Norte	Roraima	2025/04	12
Norte	Tocantins	2025/04	137
Sudeste	Espirito Santo	2025/04	1,308
Sudeste	Minas Gerais	2025/04	7,033
Sudeste	Rio De Janeiro	2025/04	904
Sudeste	Sao Paulo	2025/04	31,836
Sul	Parana	2025/04	2,173
Sul	Rio Grande Do Sul	2025/04	276
Sul	Santa Catarina	2025/04	415"
2025/05 ,"Região|UF|Município	UF	Ano/Semana	Casos prováveis de Dengue.
Centro-Oeste	Distrito Federal	2025/05	483
Centro-Oeste	Goias	2025/05	3,777
Centro-Oeste	Mato Grosso	2025/05	2,217
Centro-Oeste	Mato Grosso Do Sul	2025/05	400
Nordeste	Alagoas	2025/05	58
Nordeste	Bahia	2025/05	861
Nordeste	Ceara	2025/05	126
Nordeste	Maranhao	2025/05	133
Nordeste	Paraiba	2025/05	180
Nordeste	Pernambuco	2025/05	393
Nordeste	Piaui	2025/05	143
Nordeste	Rio Grande Do Norte	2025/05	138
Nordeste	Sergipe	2025/05	47
Norte	Acre	2025/05	909
Norte	Amapa	2025/05	130
Norte	Amazonas	2025/05	242
Norte	Para	2025/05	1,072
Norte	Rondonia	2025/05	55
Norte	Roraima	2025/05	12
Norte	Tocantins	2025/05	138
Sudeste	Espirito Santo	2025/05	1,253
Sudeste	Minas Gerais	2025/05	7,201
Sudeste	Rio De Janeiro	2025/05	1,198
Sudeste	Sao Paulo	2025/05	35,779
Sul	Parana	2025/05	2,458
Sul	Rio Grande Do Sul	2025/05	283
Sul	Santa Catarina	2025/05	445"
2025/06 ,"Região|UF|Município	UF	Ano/Semana	Casos prováveis de Dengue.
Centro-Oeste	Distrito Federal	2025/06	575
Centro-Oeste	Goias	2025/06	3,985
Centro-Oeste	Mato Grosso	2025/06	2,578
Centro-Oeste	Mato Grosso Do Sul	2025/06	474
Nordeste	Alagoas	2025/06	86
Nordeste	Bahia	2025/06	1,052
Nordeste	Ceara	2025/06	160
Nordeste	Maranhao	2025/06	188
Nordeste	Paraiba	2025/06	278
Nordeste	Pernambuco	2025/06	528
Nordeste	Piaui	2025/06	183
Nordeste	Rio Grande Do Norte	2025/06	151
Nordeste	Sergipe	2025/06	57
Norte	Acre	2025/06	881
Norte	Amapa	2025/06	95
Norte	Amazonas	2025/06	245
Norte	Para	2025/06	1,274
Norte	Rondonia	2025/06	80
Norte	Roraima	2025/06	13
Norte	Tocantins	2025/06	154
Sudeste	Espirito Santo	2025/06	1,036
Sudeste	Minas Gerais	2025/06	8,283
Sudeste	Rio De Janeiro	2025/06	1,730
Sudeste	Sao Paulo	2025/06	35,929
Sul	Parana	2025/06	2,887
Sul	Rio Grande Do Sul	2025/06	385
Sul	Santa Catarina	2025/06	522"
2025/07 ,"Região|UF|Município	UF	Ano/Semana	Casos prováveis de Dengue.
Centro-Oeste	Distrito Federal	2025/07	569
Centro-Oeste	Goias	2025/07	4,150
Centro-Oeste	Mato Grosso	2025/07	2,344
Centro-Oeste	Mato Grosso Do Sul	2025/07	546
Nordeste	Alagoas	2025/07	91
Nordeste	Bahia	2025/07	1,125
Nordeste	Ceara	2025/07	223
Nordeste	Maranhao	2025/07	204
Nordeste	Paraiba	2025/07	350
Nordeste	Pernambuco	2025/07	607
Nordeste	Piaui	2025/07	239
Nordeste	Rio Grande Do Norte	2025/07	186
Nordeste	Sergipe	2025/07	62
Norte	Acre	2025/07	738
Norte	Amapa	2025/07	38
Norte	Amazonas	2025/07	286
Norte	Para	2025/07	1,339
Norte	Rondonia	2025/07	106
Norte	Roraima	2025/07	15
Norte	Tocantins	2025/07	233
Sudeste	Espirito Santo	2025/07	867
Sudeste	Minas Gerais	2025/07	8,982
Sudeste	Rio De Janeiro	2025/07	2,150
Sudeste	Sao Paulo	2025/07	42,336
Sul	Parana	2025/07	4,428
Sul	Rio Grande Do Sul	2025/07	540
Sul	Santa Catarina	2025/07	634"
2025/08 ,"Região|UF|Município	UF	Ano/Semana	Casos prováveis de Dengue.
Centro-Oeste	Distrito Federal	2025/08	598
Centro-Oeste	Goias	2025/08	4,039
Centro-Oeste	Mato Grosso	2025/08	2,380
Centro-Oeste	Mato Grosso Do Sul	2025/08	613
Nordeste	Alagoas	2025/08	92
Nordeste	Bahia	2025/08	1,231
Nordeste	Ceara	2025/08	212
Nordeste	Maranhao	2025/08	269
Nordeste	Paraiba	2025/08	435
Nordeste	Pernambuco	2025/08	636
Nordeste	Piaui	2025/08	232
Nordeste	Rio Grande Do Norte	2025/08	193
Nordeste	Sergipe	2025/08	65
Norte	Acre	2025/08	759
Norte	Amapa	2025/08	46
Norte	Amazonas	2025/08	263
Norte	Para	2025/08	1,171
Norte	Rondonia	2025/08	132
Norte	Roraima	2025/08	10
Norte	Tocantins	2025/08	273
Sudeste	Espirito Santo	2025/08	897
Sudeste	Minas Gerais	2025/08	8,972
Sudeste	Rio De Janeiro	2025/08	1,968
Sudeste	Sao Paulo	2025/08	46,221
Sul	Parana	2025/08	6,199
Sul	Rio Grande Do Sul	2025/08	896
Sul	Santa Catarina	2025/08	763"
2025/09 ,"Região|UF|Município	UF	Ano/Semana	Casos prováveis de Dengue.
Centro-Oeste	Distrito Federal	2025/09	451
Centro-Oeste	Goias	2025/09	3,241
Centro-Oeste	Mato Grosso	2025/09	1,560
Centro-Oeste	Mato Grosso Do Sul	2025/09	677
Nordeste	Alagoas	2025/09	68
Nordeste	Bahia	2025/09	1,009
Nordeste	Ceara	2025/09	150
Nordeste	Maranhao	2025/09	216
Nordeste	Paraiba	2025/09	200
Nordeste	Pernambuco	2025/09	353
Nordeste	Piaui	2025/09	217
Nordeste	Rio Grande Do Norte	2025/09	207
Nordeste	Sergipe	2025/09	59
Norte	Acre	2025/09	736
Norte	Amapa	2025/09	9
Norte	Amazonas	2025/09	253
Norte	Para	2025/09	755
Norte	Rondonia	2025/09	97
Norte	Roraima	2025/09	19
Norte	Tocantins	2025/09	194
Sudeste	Espirito Santo	2025/09	563
Sudeste	Minas Gerais	2025/09	7,435
Sudeste	Rio De Janeiro	2025/09	1,281
Sudeste	Sao Paulo	2025/09	44,674
Sul	Parana	2025/09	7,223
Sul	Rio Grande Do Sul	2025/09	1,221
Sul	Santa Catarina	2025/09	889"
2025/10 ,"Região|UF|Município	UF	Ano/Semana	Casos prováveis de Dengue.
Centro-Oeste	Distrito Federal	2025/10	471
Centro-Oeste	Goias	2025/10	2,542
Centro-Oeste	Mato Grosso	2025/10	1,209
Centro-Oeste	Mato Grosso Do Sul	2025/10	899
Nordeste	Alagoas	2025/10	52
Nordeste	Bahia	2025/10	692
Nordeste	Ceara	2025/10	186
Nordeste	Maranhao	2025/10	127
Nordeste	Paraiba	2025/10	217
Nordeste	Pernambuco	2025/10	286
Nordeste	Piaui	2025/10	175
Nordeste	Rio Grande Do Norte	2025/10	167
Nordeste	Sergipe	2025/10	46
Norte	Acre	2025/10	603
Norte	Amapa	2025/10	5
Norte	Amazonas	2025/10	250
Norte	Para	2025/10	439
Norte	Rondonia	2025/10	28
Norte	Roraima	2025/10	18
Norte	Tocantins	2025/10	211
Sudeste	Espirito Santo	2025/10	477
Sudeste	Minas Gerais	2025/10	6,240
Sudeste	Rio De Janeiro	2025/10	1,240
Sudeste	Sao Paulo	2025/10	41,207
Sul	Parana	2025/10	8,299
Sul	Rio Grande Do Sul	2025/10	1,570
Sul	Santa Catarina	2025/10	1,410"
2025/11 ,"Região|UF|Município	UF	Ano/Semana	Casos prováveis de Dengue.
Centro-Oeste	Distrito Federal	2025/11	273
Centro-Oeste	Goias	2025/11	831
Centro-Oeste	Mato Grosso	2025/11	540
Centro-Oeste	Mato Grosso Do Sul	2025/11	354
Nordeste	Alagoas	2025/11	14
Nordeste	Bahia	2025/11	288
Nordeste	Ceara	2025/11	97
Nordeste	Maranhao	2025/11	32
Nordeste	Paraiba	2025/11	118
Nordeste	Pernambuco	2025/11	112
Nordeste	Piaui	2025/11	49
Nordeste	Rio Grande Do Norte	2025/11	100
Nordeste	Sergipe	2025/11	18
Norte	Acre	2025/11	46
Norte	Amapa	2025/11	1
Norte	Amazonas	2025/11	97
Norte	Para	2025/11	82
Norte	Rondonia	2025/11	11
Norte	Roraima	2025/11	8
Norte	Tocantins	2025/11	165
Sudeste	Espirito Santo	2025/11	317
Sudeste	Minas Gerais	2025/11	2,389
Sudeste	Rio De Janeiro	2025/11	611
Sudeste	Sao Paulo	2025/11	18,080
Sul	Parana	2025/11	4,675
Sul	Rio Grande Do Sul	2025/11	1,245
Sul	Santa Catarina	2025/11	1,278"
!!!!!
Região|UF|Município	UF	Ano/Semana	Casos prováveis de Dengue.
Centro-Oeste	Distrito Federal	2025/11	273
Centro-Oeste	Goias	2025/11	831
Centro-Oeste	Mato Grosso	2025/11	540
Centro-Oeste	Mato Grosso Do Sul	2025/11	354
Nordeste	Alagoas	2025/11	14
Nordeste	Bahia	2025/11	288
Nordeste	Ceara	2025/11	97
Nordeste	Maranhao	2025/11	32
Nordeste	Paraiba	2025/11	118
Nordeste	Pernambuco	2025/11	112
Nordeste	Piaui	2025/11	49
Nordeste	Rio Grande Do Norte	2025/11	100
Nordeste	Sergipe	2025/11	18
Norte	Acre	2025/11	46
Norte	Amapa	2025/11	1
Norte	Amazonas	2025/11	97
Norte	Para	2025/11	82
Norte	Rondonia	2025/11	11
Norte	Roraima	2025/11	8
Norte	Tocantins	2025/11	165
Sudeste	Espirito Santo	2025/11	317
Sudeste	Minas Gerais	2025/11	2,389
Sudeste	Rio De Janeiro	2025/11	611
Sudeste	Sao Paulo	2025/11	18,080
Sul	Parana	2025/11	4,675
Sul	Rio Grande Do Sul	2025/11	1,245
Sul	Santa Catarina	2025/11	1,278